id,title,state_bucket,status,priority,track,depends_on,blocks,who,what,why,how,when,where,plain_language_summary,objective,runbook_path
BL-001,BL-001: README Standards and Structure,done,Done,P0,,,,,,,,,,"BL-001 in plain terms: Established documentation metadata headers, folder placement rules, and cross-reference standards across the repository. Current state: Done. For technical detail, see ## Objective and ## Validation Plan.","Established documentation metadata headers, folder placement rules, and cross-reference standards across the repository.",Documentation/backlog/done/bl-001-readme-standards.md
BL-002,BL-002: Physics Preset Host Reversion Fix,done,Done,P0,,,,,,,,,,"BL-002 in plain terms: Fixed physics engine state reverting to defaults when host reloaded presets, ensuring parameter persistence across save/load cycles. Current state: Done. For technical detail, see ## Objective and ## Validation Plan.","Fixed physics engine state reverting to defaults when host reloaded presets, ensuring parameter persistence across save/load cycles.",Documentation/backlog/done/bl-002-physics-preset-reversion.md
BL-003,BL-003: Timeline Transport Controls Restore,done,Done,P0,,,,,,,,,,"BL-003 in plain terms: Restored play/pause/stop/scrub transport controls in production WebView UI for keyframe timeline playback. Current state: Done. For technical detail, see ## Objective and ## Validation Plan.",Restored play/pause/stop/scrub transport controls in production WebView UI for keyframe timeline playback.,Documentation/backlog/done/bl-003-timeline-transport.md
BL-004,BL-004: Keyframe Editor Gestures in Production UI,done,Done,P0,,,,,,,,,,"BL-004 in plain terms: Implemented full keyframe editing gestures (add/delete/drag/select/multi-select) in the production WebView timeline. Current state: Done. For technical detail, see ## Objective and ## Validation Plan.",Implemented full keyframe editing gestures (add/delete/drag/select/multi-select) in the production WebView timeline.,Documentation/backlog/done/bl-004-keyframe-gestures.md
BL-005,BL-005: Preset Save Host Path Fix,done,Done,P0,,,,,,,,,,"BL-005 in plain terms: Fixed preset file path resolution in host environments where the default save directory was incorrectly resolved, causing preset loss. Current state: Done. For technical detail, see ## Objective and ## Validation Plan.","Fixed preset file path resolution in host environments where the default save directory was incorrectly resolved, causing preset loss.",Documentation/backlog/done/bl-005-preset-save-path.md
BL-006,BL-006: Motion Trail Overlays,done,Done,P0,,,,,,,,,,"BL-006 in plain terms: Added visual motion trail paths for emitters in the 3D viewport, showing historical position trace as a fading polyline overlay. Current state: Done. For technical detail, see ## Objective and ## Validation Plan.","Added visual motion trail paths for emitters in the 3D viewport, showing historical position trace as a fading polyline overlay.",Documentation/backlog/done/bl-006-motion-trail-overlays.md
BL-007,BL-007: Velocity Vector Overlays,done,Done,P0,,,,,,,,,,"BL-007 in plain terms: Added arrow overlays showing emitter velocity direction and magnitude in the 3D viewport, driven by physics engine state. Current state: Done. For technical detail, see ## Objective and ## Validation Plan.","Added arrow overlays showing emitter velocity direction and magnitude in the 3D viewport, driven by physics engine state.",Documentation/backlog/done/bl-007-velocity-vector-overlays.md
BL-008,BL-008: Audio-Reactive RMS Overlays,done,Done,P0,,,,,,,,,,"BL-008 in plain terms: Added RMS ring overlays on emitters that respond to real-time audio levels, providing visual feedback of per-emitter energy. Current state: Done. For technical detail, see ## Objective and ## Validation Plan.","Added RMS ring overlays on emitters that respond to real-time audio levels, providing visual feedback of per-emitter energy.",Documentation/backlog/done/bl-008-rms-overlays.md
BL-009,BL-009: Steam Headphone Contract Closeout,done,Done,P1,,,,,,,,,,"BL-009 in plain terms: Established Steam Audio binaural rendering contract with deterministic headphone fallback behavior. Current state: Done. For technical detail, see ## Objective and ## Validation Plan.",Established Steam Audio binaural rendering contract with deterministic headphone fallback behavior.,Documentation/backlog/done/bl-009-steam-headphone-contract.md
BL-010,BL-010: FDN Expansion Promotion,done,Done,P1,,,,,,,,,,"BL-010 in plain terms: Promoted the 4x4 Hadamard FDN reverb processor from experimental to production status with validated tonal stability. Current state: Done. For technical detail, see ## Objective and ## Validation Plan.",Promoted the 4x4 Hadamard FDN reverb processor from experimental to production status with validated tonal stability.,Documentation/backlog/done/bl-010-fdn-expansion.md
BL-011,BL-011: CLAP Lifecycle and CI/Host Closeout,done,Done,P1,,,,,,,,,,"BL-011 in plain terms: Completed full CLAP plugin format lifecycle — build, install, descriptor validation, clap-validator pass, QA lanes, REAPER discoverability. Current state: Done. For technical detail, see ## Objective and ## Validation Plan.","Completed full CLAP plugin format lifecycle — build, install, descriptor validation, clap-validator pass, QA lanes, REAPER discoverability. Annex: Documentation/plans/bl-011-clap-contract-closeout-2026-02-23.md.",Documentation/backlog/done/bl-011-clap-lifecycle.md
BL-012,BL-012: QA Harness Tranche Closeout,done,Done (2026-02-24 closeout evidence refresh),P1,,—,—,,,,,,,"BL-012 in plain terms: Complete QA harness tranche closeout with embedded HX-04 scenario parity guard, producing deterministic evidence that the harness test suite remains green and scenario coverage has not drifted. Current state: Done (2026-02-24 closeout evidence refresh). For technical detail, see ## Objective and ## Validation Plan.","Complete QA harness tranche closeout with embedded HX-04 scenario parity guard, producing deterministic evidence that the harness test suite remains green and scenario coverage has not drifted.",Documentation/backlog/done/bl-012-qa-harness-tranche.md
BL-013,BL-013: HostRunner Feasibility Promotion,done,Done (2026-02-25),P1,,BL-012,—,,,,,,,"BL-013 in plain terms: Decide whether to promote HostRunner from feasibility status to a sustained validation lane. Current state: Done (2026-02-25). For technical detail, see ## Objective and ## Validation Plan.","Decide whether to promote HostRunner from feasibility status to a sustained validation lane. VST3 backend + skeleton probes currently pass. The open risk is CLAP backend parity — if that probe can be added and passes, HostRunner becomes a permanent CI lane.",Documentation/backlog/done/bl-013-hostrunner-feasibility.md
BL-014,BL-014: Listener/Speaker/Aim/RMS Overlay Strict Closeout,done,Done,P1,,,,,,,,,,"BL-014 in plain terms: Finalized all viewport overlay confidence lanes (listener position, speaker positions, aim direction, RMS rings) with strict deterministic evidence. Current state: Done. For technical detail, see ## Objective and ## Validation Plan.","Finalized all viewport overlay confidence lanes (listener position, speaker positions, aim direction, RMS rings) with strict deterministic evidence.",Documentation/backlog/done/bl-014-overlay-strict-closeout.md
BL-015,BL-015: All-Emitter Realtime Rendering Closure,done,Done,P1,,,,,,,,,,"BL-015 in plain terms: Closed multi-emitter simultaneous processing with slot tolerance (renderer handles inactive/missing emitter slots gracefully). Current state: Done. For technical detail, see ## Objective and ## Validation Plan.",Closed multi-emitter simultaneous processing with slot tolerance (renderer handles inactive/missing emitter slots gracefully).,Documentation/backlog/done/bl-015-all-emitter-rendering.md
BL-016,BL-016: Visualization Transport Contract Closure,done,Done,P1,,,,,,,,,,"BL-016 in plain terms: Established the lock-free scene snapshot cadence and transport state contract between processBlock and WebView UI. Current state: Done. For technical detail, see ## Objective and ## Validation Plan.",Established the lock-free scene snapshot cadence and transport state contract between processBlock and WebView UI.,Documentation/backlog/done/bl-016-transport-contract.md
BL-017,BL-017 Head-Tracked Monitoring Companion Bridge,done,,,,,,,,,,,,"BL-017 in plain terms: Deliver the scoped behavior with deterministic validation and evidence. Current state: Done (Slice E promotion packet PASS). For technical detail, see ## Objective and ## Validation Plan.",Deliver a companion bridge for head-tracked headphone monitoring. The full signal path is:,Documentation/backlog/done/bl-017-head-tracked-monitoring.md
BL-018,BL-018: Spatial Format Matrix Strict Closeout,done,Done (2026-02-24 strict matrix pass),P1,,BL-014,"BL-026, BL-017",,,,,,,"BL-018 in plain terms: Promote the spatial profile expansion (mono, stereo, quad, binaural, ambisonic) from validation to Done with a strict warning-free evidence baseline. Current state: Done (2026-02-24 strict matrix pass). For technical detail, see ## Objective and ## Validation Plan.","Promote the spatial profile expansion (mono, stereo, quad, binaural, ambisonic) from validation to Done with a strict warning-free evidence baseline. All profile switching paths must be deterministic and diagnostics publication must match the scene-state contract.",Documentation/backlog/done/bl-018-spatial-format-matrix.md
BL-019,BL-019: Physics Interaction Lens Closure,done,Done,P1,,,,,,,,,,"BL-019 in plain terms: Closed physics simulation interaction layer — collision response, drag forces, zero-g drift, and physics-to-spatial state handoff. Current state: Done. For technical detail, see ## Objective and ## Validation Plan.","Closed physics simulation interaction layer — collision response, drag forces, zero-g drift, and physics-to-spatial state handoff.",Documentation/backlog/done/bl-019-physics-interaction-lens.md
BL-020,BL-020 Confidence/Masking Overlay,open,In Validation (latest C4 refresh packet PASS at `20260228T203021Z`; C4b post-R1 packet PASS at `20260228T202240Z`; owner promotion review pending),P2,E - R&D Expansion,"BL-014 (Done), BL-019 (Done)",none,,,,,,,"BL-020 in plain terms: Define a deterministic contract for confidence/masking overlays, including field-level input rules, deterministic rendering/degradation behavior, acceptance thresholds, and QA artifact schema. Current state: In Validation (latest C4 refresh packet PASS at 20260228T203021Z; C4b post-R1 packet PASS at 20260228T202240Z; owner promotion review pending). For technical detail, see ## Objective and ## Validation Plan.","Define a deterministic contract for confidence/masking overlays, including field-level input rules, deterministic rendering/degradation behavior, acceptance thresholds, and QA artifact schema.",Documentation/backlog/bl-020-confidence-masking.md
BL-021,BL-021 Room-Story Overlays,open,In Implementation (C4 execute-mode parity packet PASS at `20260228T170131Z`; C4b post-R1 non-interference packet PASS at `20260228T202813Z`; owner intake/promotion decision pending),P2,,"BL-014 (Done), BL-015 (Done), HX-05",—,,,,,,,"BL-021 in plain terms: Define a deterministic room-story overlay contract for the viewport so room analysis data can be rendered predictably, degrade safely on partial payloads, and be validated with replayable acceptance criteria. Current state: In Implementation (C4 execute-mode parity packet PASS at 20260228T170131Z; C4b post-R1 non-interference packet PASS at 20260228T202813Z; owner intake/promotion decision pending). For technical detail, see ## Objective and ## Validation Plan.","Define a deterministic room-story overlay contract for the viewport so room analysis data can be rendered predictably, degrade safely on partial payloads, and be validated with replayable acceptance criteria.",Documentation/backlog/bl-021-room-story-overlays.md
BL-022,BL-022: Choreography Lane Closeout,done,Done (2026-02-24 closeout evidence refresh),P1,,"BL-003, BL-004",—,,,,,,,"BL-022 in plain terms: Finalize choreography pack closure — validate that the keyframe timeline and transport system supports choreography workflows (multi-track keyframe sequences, preset-driven motion paths) while maintaining BL-025 EMITTER UI/UX v2 stability. Current state: Done (2026-02-24 closeout evidence refresh). For technical detail, see ## Objective and ## Validation Plan.","Finalize choreography pack closure — validate that the keyframe timeline and transport system supports choreography workflows (multi-track keyframe sequences, preset-driven motion paths) while maintaining BL-025 EMITTER UI/UX v2 stability.",Documentation/backlog/done/bl-022-choreography-closeout.md
BL-023,BL-023: Resize/DPI Hardening,done,Done (historical pre-closeout state retained in this runbook timeline and evidence sections),P2,,BL-025 (Done),BL-030 RL-03 regression visibility when UI resize behavior is unstable,,,,,,,"BL-023 in plain terms: Define and enforce a deterministic resize and DPI behavior contract for LocusQ WebView UI across standalone and plugin-host windows, with explicit pass/fail taxonomy and reproducible host scenarios. Current state: Done (historical pre-closeout state retained in this runbook timeline and evidence sections). For technical detail, see ## Objective and ## Validation Plan.","Define and enforce a deterministic resize and DPI behavior contract for LocusQ WebView UI across standalone and plugin-host windows, with explicit pass/fail taxonomy and reproducible host scenarios.",Documentation/backlog/done/bl-023-resize-dpi-hardening.md
BL-024,BL-024: REAPER Host Automation Baseline,done,Done,P1,,,,,,,,,,"BL-024 in plain terms: Established REAPER host automation baseline including headless render smoke, ReaScript bootstrap, and parameter automation validation. Current state: Done. For technical detail, see ## Objective and ## Validation Plan.","Established REAPER host automation baseline including headless render smoke, ReaScript bootstrap, and parameter automation validation. Annex: Documentation/plans/reaper-host-automation-plan-2026-02-22.md.",Documentation/backlog/done/bl-024-reaper-host-automation.md
BL-025,BL-025: EMITTER UI/UX V2 Deterministic Closeout,done,Done,P1,,,,,,,,,,"BL-025 in plain terms: Completed full EMITTER panel redesign with 5 implementation slices (A-E): parameter rail restructure, emitter selector, directivity/velocity controls, preset lifecycle, resize behavior. Current state: Done. For technical detail, see ## Objective and ## Validation Plan.","Completed full EMITTER panel redesign with 5 implementation slices (A-E): parameter rail restructure, emitter selector, directivity/velocity controls, preset lifecycle, resize behavior. Annex: Documentation/plans/bl-025-emitter-uiux-v2-spec-2026-02-22.md.",Documentation/backlog/done/bl-025-emitter-uiux-v2.md
BL-026,BL-026: CALIBRATE UI/UX V2 Multi-Topology,done,Done (2026-02-25 owner promotion sync complete),P1,,"BL-025 (Done), BL-009 (Done), BL-018","BL-027, BL-028, BL-029",,,,,,,"BL-026 in plain terms: Redesign the CALIBRATE panel to support multi-topology monitoring profiles (mono, stereo, quad, surround, binaural, ambisonic, downmix) with a calibration profile library, while preserving deterministic calibration state machine contracts and WebView host reliability. Current state: Done (2026-02-25 owner promotion sync complete). For technical detail, see ## Objective and ## Validation Plan.","Redesign the CALIBRATE panel to support multi-topology monitoring profiles (mono, stereo, quad, surround, binaural, ambisonic, downmix) with a calibration profile library, while preserving deterministic calibration state machine contracts and WebView host reliability. Success: operators can calibrate and store multiple audio configuration profiles from one coherent workflow.",Documentation/backlog/done/bl-026-calibrate-uiux-v2.md
BL-027,BL-027 — Renderer UX v2,done,,,,,,,,,,,,"BL-027 in plain terms: Deliver the scoped behavior with deterministic validation and evidence. Current state: Done (Promoted via Slice F packet). For technical detail, see ## Objective and ## Validation Plan.",The current RENDERER panel presents static output configuration without reflecting live profile state or diagnostic context. This backlog item delivers:,Documentation/backlog/done/bl-027-renderer-uiux-v2.md
BL-028,BL-028 — Spatial Output Matrix Enforcement,done,Done (owner sync packet finalized from Slice D promotion evidence),P2,A (DSP/Architecture) + C (UX Authoring),,BL-029,,,,,,,"BL-028 in plain terms: Deliver the scoped behavior with deterministic validation and evidence. Current state: Done (owner sync packet finalized from Slice D promotion evidence). For technical detail, see ## Objective and ## Validation Plan.",Define one authoritative and deterministic matrix contract that governs legal spatial output behavior across:,Documentation/backlog/done/bl-028-spatial-output-matrix.md
BL-029,"BL-029 Audition Platform Retrospective (What, Why, How, When, Where)",done,Done (retrospective archive summary),P2,,,,,,,,,,"BL-029 in plain terms: Deliver the scoped behavior with deterministic validation and evidence. Current state: Done (retrospective archive summary). For technical detail, see ## Objective and ## Validation Plan.",,Documentation/backlog/done/bl-029-audition-platform-retrospective-2026-02-25.md
BL-029,BL-029 — DSP Visualization and Tooling,done,,,,,,,,,,,,"BL-029 in plain terms: Deliver the scoped behavior with deterministic validation and evidence. Current state: Done (2026-02-25 promotion packet Z4; reliability hard criteria satisfied on integrated owner replays). For technical detail, see ## Objective and ## Validation Plan.",The LocusQ Three.js UI currently renders a static scene graph without DSP-reactive feedback. This item makes the scene data-driven:,Documentation/backlog/done/bl-029-dsp-visualization.md
BL-030,BL-030: Release Governance and Device Rerun,done,Done (historical pre-closeout gate states retained in execution snapshots),P2,,"BL-024 (Done), BL-025 (Done), HX-06",—,,,,,,,"BL-030 in plain terms: Operationalize a recurring release/device-rerun governance checklist that validates every release candidate across device profiles (quad studio, laptop stereo, headphone) before shipping. Current state: Done (historical pre-closeout gate states retained in execution snapshots). For technical detail, see ## Objective and ## Validation Plan.","Operationalize a recurring release/device-rerun governance checklist that validates every release candidate across device profiles (quad studio, laptop stereo, headphone) before shipping. Success: every release has a repeatable checklist run with explicit pass/fail evidence per device profile and no implicit N/A handling.",Documentation/backlog/done/bl-030-release-governance.md
BL-031,BL-031: Tempo-Locked Visual Token Scheduler,done,Done (2026-02-25 owner promotion sync complete),P1,,"BL-016 (Done), BL-025 (Done)",BL-029,,,,,,,"BL-031 in plain terms: Implement a host-tempo-synchronized visual timing contract using sample-stamped tokens (bar/beat/subdivision) published from the audio thread via a fixed-size atomic snapshot, consumed on the message thread for sub-frame UI interpolation. Current state: Done (2026-02-25 owner promotion sync complete). For technical detail, see ## Objective and ## Validation Plan.","Implement a host-tempo-synchronized visual timing contract using sample-stamped tokens (bar/beat/subdivision) published from the audio thread via a fixed-size atomic snapshot, consumed on the message thread for sub-frame UI interpolation. Success: visuals lock to DAW tempo with sample-accurate precision and no RT safety violations.",Documentation/backlog/done/bl-031-tempo-token-scheduler.md
BL-032,BL-032: Source Modularization of PluginProcessor/PluginEditor,open,Done-candidate (Slice A/B/C1 complete; D1 closed `BL032-G-001`; D2 RT reconciliation PASS; E1 owner replay PASS `Ready-for-In-Validation`; F1 done-promotion PASS `Done-candidate`),P2,,—,—,,,,,,,"BL-032 in plain terms: Reduce maintenance and merge risk caused by oversized monolithic translation units by decomposing Source/PluginProcessor.cpp and Source/PluginEditor.cpp into coherent, testable modules with explicit ownership boundaries while preserving current behavior and realtime safety constraints. Current state: Done-candidate (Slice A/B/C1 complete; D1 closed BL032-G-001; D2 RT reconciliation PASS; E1 owner replay PASS Ready-for-In-Validation; F1 done-promotion PASS Done-candidate). For technical detail, see ## Objective and ## Validation Plan.","Reduce maintenance and merge risk caused by oversized monolithic translation units by decomposing Source/PluginProcessor.cpp and Source/PluginEditor.cpp into coherent, testable modules with explicit ownership boundaries while preserving current behavior and realtime safety constraints.",Documentation/backlog/bl-032-source-modularization.md
BL-033,BL-033: Headphone Calibration Core Path,done,Done (Owner Z12 final replay PASS; promotion packet finalized),P2,,"BL-009, BL-017, BL-026, BL-028",BL-034,,,,,,,"BL-033 in plain terms: Implement an RT-safe, deterministic internal headphone calibration monitoring path for LocusQ using Steam binaural rendering plus optional EQ/FIR compensation, while preserving existing monitoring modes and publishing explicit diagnostics (requested, active, stage, fallback reason) for CALIBRATE and scene-state consumers. Current state: Done (Owner Z12 final replay PASS; promotion packet finalized). For technical detail, see ## Objective and ## Validation Plan.","Implement an RT-safe, deterministic internal headphone calibration monitoring path for LocusQ using Steam binaural rendering plus optional EQ/FIR compensation, while preserving existing monitoring modes and publishing explicit diagnostics (requested, active, stage, fallback reason) for CALIBRATE and scene-state consumers.",Documentation/backlog/done/bl-033-headphone-calibration-core.md
BL-034,BL-034: Headphone Calibration Verification and Profile Governance,done,Done (Owner Z6 promotion finalized; Owner Z7 post-done confidence replay remains green),P2,,BL-033,—,,,,,,,"BL-034 in plain terms: Define and enforce a deterministic verification + profile-governance layer for headphone calibration so profile selection, fallback behavior, and perceptual verification outcomes are reproducible, machine-readable, and release-governance ready. Current state: Done (Owner Z6 promotion finalized; Owner Z7 post-done confidence replay remains green). For technical detail, see ## Objective and ## Validation Plan.","Define and enforce a deterministic verification + profile-governance layer for headphone calibration so profile selection, fallback behavior, and perceptual verification outcomes are reproducible, machine-readable, and release-governance ready.",Documentation/backlog/done/bl-034-headphone-calibration-verification.md
BL-035,BL-035 RT Lock-Free Registration,open,In Validation (Owner D8 recheck on current branch: build/smoke/selftest/RT/docs all pass; `non_allowlisted=0`),P0,F - Hardening,"HX-02 (Done), BL-032 (Done-candidate)",BL-030,,,,,,,"BL-035 in plain terms: Remove lock acquisition from all audio-thread registration paths so processBlock() remains lock-free and invariant-compliant under multi-instance stress. Current state: In Validation (Owner D8 recheck on current branch: build/smoke/selftest/RT/docs all pass; non_allowlisted=0). For technical detail, see ## Objective and ## Validation Plan.",Remove lock acquisition from all audio-thread registration paths so processBlock() remains lock-free and invariant-compliant under multi-instance stress.,Documentation/backlog/bl-035-rt-lock-free-registration.md
BL-036,BL-036 DSP Finite Output Guardrails,open,"Done-candidate (Owner Z10 accepted D2 done-promotion readiness intake; deterministic 100-run replay, strict usage semantics, and docs freshness are green)",P0,F - Hardening,BL-035,BL-030,,,,,,,"BL-036 in plain terms: Guarantee finite-only audio and reactive state propagation by enforcing deterministic NaN/Inf/denormal containment at DSP boundaries, with explicit limiter and fallback behavior before host-buffer publication. Current state: Done-candidate (Owner Z10 accepted D2 done-promotion readiness intake; deterministic 100-run replay, strict usage semantics, and docs freshness are green). For technical detail, see ## Objective and ## Validation Plan.","Guarantee finite-only audio and reactive state propagation by enforcing deterministic NaN/Inf/denormal containment at DSP boundaries, with explicit limiter and fallback behavior before host-buffer publication.",Documentation/backlog/bl-036-dsp-finite-output-guardrails.md
BL-037,BL-037 Emitter Snapshot CPU Budget,open,"Done-candidate (Owner Z10 accepted D2 done-promotion readiness intake; deterministic 100-run replay, strict usage semantics, and docs freshness are green)",P1,F - Hardening,BL-035,BL-030,,,,,,,"BL-037 in plain terms: Define a deterministic CPU-budget contract for emitter snapshot publication so no-renderer and under-budget paths are replay-stable, bounded, and auditable. Current state: Done-candidate (Owner Z10 accepted D2 done-promotion readiness intake; deterministic 100-run replay, strict usage semantics, and docs freshness are green). For technical detail, see ## Objective and ## Validation Plan.","Define a deterministic CPU-budget contract for emitter snapshot publication so no-renderer and under-budget paths are replay-stable, bounded, and auditable.",Documentation/backlog/bl-037-emitter-snapshot-cpu-budget.md
BL-038,BL-038 Calibration Threading and Telemetry,open,"Done-candidate (Owner Z10 accepted D2 done-promotion parity intake; deterministic 100/100 contract/execute parity, strict usage exits, and docs freshness are green)",P1,E - R&D Expansion,"BL-026 (Done), BL-034 (Done)",—,,,,,,,"BL-038 in plain terms: Define deterministic calibration threading boundaries and RT-safe telemetry publication rules so runtime state transitions, timeout/error handling, and evidence output are machine-checkable and replay-stable. Current state: Done-candidate (Owner Z10 accepted D2 done-promotion parity intake; deterministic 100/100 contract/execute parity, strict usage exits, and docs freshness are green). For technical detail, see ## Objective and ## Validation Plan.","Define deterministic calibration threading boundaries and RT-safe telemetry publication rules so runtime state transitions, timeout/error handling, and evidence output are machine-checkable and replay-stable.",Documentation/backlog/bl-038-calibration-threading-and-telemetry.md
BL-039,BL-039 Parameter Relay Spec Generation,open,"Done-candidate (Owner Z10 accepted D2 done-promotion parity intake; deterministic 100/100 contract+execute parity, strict usage exits, and docs freshness are green)",P1,B - Scene/UI Runtime,"BL-027 (Done), BL-032 (Done-candidate)",BL-040,,,,,,,"BL-039 in plain terms: Eliminate manual parameter relay drift by defining one authoritative parameter-relay spec that deterministically drives APVTS IDs, native relay binding, and UI binding contracts. Current state: Done-candidate (Owner Z10 accepted D2 done-promotion parity intake; deterministic 100/100 contract+execute parity, strict usage exits, and docs freshness are green). For technical detail, see ## Objective and ## Validation Plan.","Eliminate manual parameter relay drift by defining one authoritative parameter-relay spec that deterministically drives APVTS IDs, native relay binding, and UI binding contracts.",Documentation/backlog/bl-039-parameter-relay-spec-generation.md
BL-040,BL-040 UI Modularization and Authority Status UX,open,"Done-candidate (Owner Z10 accepted D2 done-promotion sentinel intake; deterministic 100-run authority diagnostics, strict usage exits, and docs freshness are green)",P1,B - Scene/UI Runtime,"BL-027 (Done), BL-039",—,,,,,,,"BL-040 in plain terms: Define a deterministic modular-UI and authority-status contract so operators can reliably understand control provenance (who owns state), stale-state conditions, and lock/fallback reasons without ambiguity. Current state: Done-candidate (Owner Z10 accepted D2 done-promotion sentinel intake; deterministic 100-run authority diagnostics, strict usage exits, and docs freshness are green). For technical detail, see ## Objective and ## Validation Plan.","Define a deterministic modular-UI and authority-status contract so operators can reliably understand control provenance (who owns state), stale-state conditions, and lock/fallback reasons without ambiguity.",Documentation/backlog/bl-040-ui-modularization-and-authority-status.md
BL-041,BL-041 Doppler v2 and VBAP Geometry Validation,open,"Done-candidate (Owner Z10 accepted D2 done-promotion mode-parity intake; deterministic 100/100 contract/execute parity, strict usage exits, and docs freshness are green)",P2,E - R&D Expansion,BL-036,—,,,,,,,"BL-041 in plain terms: Define a deterministic contract for Doppler v2 and VBAP geometry validity so interpolation behavior, boundary continuity, and failure handling are replay-stable and machine-auditable before runtime implementation. Current state: Done-candidate (Owner Z10 accepted D2 done-promotion mode-parity intake; deterministic 100/100 contract/execute parity, strict usage exits, and docs freshness are green). For technical detail, see ## Objective and ## Validation Plan.","Define a deterministic contract for Doppler v2 and VBAP geometry validity so interpolation behavior, boundary continuity, and failure handling are replay-stable and machine-auditable before runtime implementation.",Documentation/backlog/bl-041-doppler-v2-and-vbap-geometry-validation.md
BL-042,BL-042 QA CI Regression Gates,done,Done (historical planning-state context retained in runbook history),P1,G - Release/Governance,"BL-035, BL-036, BL-041, HX-06 (Done)",BL-030,,,,,,,"BL-042 in plain terms: Promote DSP and runtime regression checks into deterministic CI gates so lock-safety, finite-output, spatial math, and lane stability regressions cannot merge silently. Current state: Done (historical planning-state context retained in runbook history). For technical detail, see ## Objective and ## Validation Plan.","Promote DSP and runtime regression checks into deterministic CI gates so lock-safety, finite-output, spatial math, and lane stability regressions cannot merge silently.",Documentation/backlog/done/bl-042-qa-ci-regression-gates.md
BL-043,BL-043 FDN Sample-Rate Integrity,done,Done,P0,F - Hardening,BL-032 (Done-candidate),BL-030,,,,,,,"BL-043 in plain terms: Fix sample-rate-dependent FDN behavior and enforce sample-rate sweep validation so reverb timing and density remain consistent across 44.1/48/96/192kHz. Current state: Done. For technical detail, see ## Objective and ## Validation Plan.",Fix sample-rate-dependent FDN behavior and enforce sample-rate sweep validation so reverb timing and density remain consistent across 44.1/48/96/192kHz.,Documentation/backlog/done/bl-043-fdn-sample-rate-integrity.md
BL-044,BL-044 Quality-Tier Seamless Switching,done,Done (historical planning-state context retained in runbook history),P1,F - Hardening,BL-043,—,,,,,,,"BL-044 in plain terms: Eliminate audible discontinuities when switching quality tiers and smoothing-sensitive delay parameters, preserving tonal intent across tier changes. Current state: Done (historical planning-state context retained in runbook history). For technical detail, see ## Objective and ## Validation Plan.","Eliminate audible discontinuities when switching quality tiers and smoothing-sensitive delay parameters, preserving tonal intent across tier changes.",Documentation/backlog/done/bl-044-quality-tier-seamless-switching.md
BL-045,BL-045 Head Tracking Fidelity v1.1,done,Done,P1,E - R&D Expansion,"BL-017 (Done), BL-034 (Done)","BL-046, BL-047",,,,,,,"BL-045 in plain terms: Improve head-tracking perceptual quality by adding interpolation, prediction, re-center workflow, Current state: Done. For technical detail, see ## Objective and ## Validation Plan.","Improve head-tracking perceptual quality by adding interpolation, prediction, re-center workflow, and sensor-switch handling for stable binaural motion cues.",Documentation/backlog/done/bl-045-head-tracking-fidelity-v11.md
BL-046,BL-046 SOFA HRTF and Binaural Expansion,done,Done (historical planning-state context retained in runbook history),P1,A - Runtime Formats,"BL-045, BL-033 (Done)",—,,,,,,,"BL-046 in plain terms: Integrate SOFA HRTF loading and stage per-source binaural rendering expansion to improve headphone spatial accuracy and personalization. Current state: Done (historical planning-state context retained in runbook history). For technical detail, see ## Objective and ## Validation Plan.",Integrate SOFA HRTF loading and stage per-source binaural rendering expansion to improve headphone spatial accuracy and personalization.,Documentation/backlog/done/bl-046-sofa-hrtf-binaural-expansion.md
BL-047,BL-047 Spatial Coordinate Contract,done,Done (historical planning-state context retained in runbook history),P1,E - R&D Expansion,"BL-018 (Done), BL-045",—,,,,,,,"BL-047 in plain terms: Document and enforce a single canonical coordinate-system contract across renderer math, head-tracking transforms, and viewport representation to prevent silent axis/sign drift. Current state: Done (historical planning-state context retained in runbook history). For technical detail, see ## Objective and ## Validation Plan.","Document and enforce a single canonical coordinate-system contract across renderer math, head-tracking transforms, and viewport representation to prevent silent axis/sign drift.",Documentation/backlog/done/bl-047-spatial-coordinate-contract.md
BL-048,BL-048 Cross-Platform Shipping Hardening,done,Done (historical planning-state context retained in runbook history),P1,G - Release/Governance,"BL-030, BL-042",Release hardening beyond macOS dev packaging,,,,,,,"BL-048 in plain terms: Harden shipping readiness via code-sign/notarization, Windows build validation, and installer packaging so release governance includes cross-platform distribution confidence. Current state: Done (historical planning-state context retained in runbook history). For technical detail, see ## Objective and ## Validation Plan.","Harden shipping readiness via code-sign/notarization, Windows build validation, and installer packaging so release governance includes cross-platform distribution confidence.",Documentation/backlog/done/bl-048-cross-platform-shipping-hardening.md
BL-049,BL-049 Unit Test Framework and Tracker Automation,done,Done (historical planning-state context retained in runbook history),P1,D - QA Platform,BL-042,—,,,,,,,"BL-049 in plain terms: Add deterministic component-level unit tests (DSP + scene + tracking bridge) and automate head-tracking bridge validation to close current coverage gaps. Current state: Done (historical planning-state context retained in runbook history). For technical detail, see ## Objective and ## Validation Plan.",Add deterministic component-level unit tests (DSP + scene + tracking bridge) and automate head-tracking bridge validation to close current coverage gaps.,Documentation/backlog/done/bl-049-unit-test-framework-and-tracker-automation.md
BL-050,BL-050 High-Rate Delay and FIR Hardening,done,Done (owner T1/T2/T3 replay PASS; final T3 `10/10` lane_result/docs_freshness PASS; `fir_profile=WARN` accepted as follow-on tracking),P0,F - Hardening,"BL-043, BL-046",—,,,,,,,"BL-050 in plain terms: Harden high-sample-rate behavior by expanding delay headroom and defining a path from direct FIR convolution toward partitioned FIR for scalability. Current state: Done (owner T1/T2/T3 replay PASS; final T3 10/10 lane_result/docs_freshness PASS; fir_profile=WARN accepted as tracked follow-on hardening). For technical detail, see ## Objective and ## Validation Plan.",Harden high-sample-rate behavior by expanding delay headroom and defining a path from direct FIR convolution toward partitioned FIR for scalability.,Documentation/backlog/done/bl-050-high-rate-delay-and-fir-hardening.md
BL-051,BL-051 Ambisonics and ADM Roadmap,open,Done-candidate,P3,E - R&D Expansion,"BL-046, BL-050",—,,,,,,,"BL-051 in plain terms: Define v2 roadmap and ADR decisions for Ambisonics intermediate bus adoption and ADM/IAMF delivery/export readiness. Current state: Done-candidate. For technical detail, see ## Objective and ## Validation Plan.",Define v2 roadmap and ADR decisions for Ambisonics intermediate bus adoption and ADM/IAMF delivery/export readiness.,Documentation/backlog/bl-051-ambisonics-and-adm-roadmap.md
BL-052,BL-052 Steam Audio Virtual Surround + Quad Layout,done,"Done (A1 harness PASS, test-phase gates PASS, done-archive sync PASS)",P1,E - R&D Expansion,BL-038,"BL-053, BL-054",,,,,,,"BL-052 in plain terms: Implement QuadSpeakerLayout enum and SteamAudioVirtualSurround class to render a quad speaker bed to stereo binaural via Steam Audio, and wire a deterministic monitoring mode switch (speakers / steam_binaural / virtual_binaural) in PluginProcessor. Current state: Done (A1 harness PASS, test-phase gates PASS, done-archive sync PASS). For technical detail, see ## Objective and ## Validation Plan.","Implement QuadSpeakerLayout enum and SteamAudioVirtualSurround class to render a quad speaker bed to stereo binaural via Steam Audio, and wire a deterministic monitoring mode switch (speakers / steam_binaural / virtual_binaural) in PluginProcessor.",Documentation/backlog/done/bl-052-steam-audio-virtual-surround-quad-layout.md
BL-053,BL-053 Head Tracking Orientation Injection,open,In Validation (structural replay PASS; manual operator verification synced; owner promotion packet pending),P1,E - R&D Expansion,"BL-052, BL-045",BL-059,,,,,,,"BL-053 in plain terms: Inject head pose quaternion from the companion bridge into SteamAudioVirtualSurround as an IPLCoordinateSpace3. Current state: In Validation (structural replay PASS; manual operator verification synced; owner promotion packet pending). For technical detail, see ## Objective and ## Validation Plan.",Inject head pose quaternion from the companion bridge into SteamAudioVirtualSurround as an IPLCoordinateSpace3. Apply yaw offset from CalibrationProfile.json. Fallback to identity when companion is disconnected.,Documentation/backlog/bl-053-head-tracking-orientation-injection.md
BL-054,BL-054 PEQ Cascade RT Integration,open,Open,P1,E - R&D Expansion,BL-052,BL-056,,,,,,,"BL-054 in plain terms: Integrate PeqBiquadCascade (8-band RBJ, already implemented) into the monitoring chain after Steam Audio binaural output. Current state: Open. For technical detail, see ## Objective and ## Validation Plan.","Integrate PeqBiquadCascade (8-band RBJ, already implemented) into the monitoring chain after Steam Audio binaural output. Coefficient updates via off-thread atomic swap. Load preset from CalibrationProfile.json on profile change.",Documentation/backlog/bl-054-peq-cascade-rt-integration.md
BL-055,BL-055 FIR Convolution Engine,open,In Validation (C4/C6 remediation landed; owner follow-up contract+execute PASS),P1,E - R&D Expansion,—,BL-056,,,,,,,"BL-055 in plain terms: Integrate FirEngineManager (DirectFirConvolver ≤256 taps / PartitionedFftConvolver >256 taps, already implemented) into the monitoring chain after PEQ. Current state: In Validation (C4/C6 remediation landed; owner follow-up contract+execute PASS). For technical detail, see ## Objective and ## Validation Plan.","Integrate FirEngineManager (DirectFirConvolver ≤256 taps / PartitionedFftConvolver >256 taps, already implemented) into the monitoring chain after PEQ. Engine/profile swaps must be atomic and click-safe, with output crossfade when filter topology changes. Report latency via setLatencySamples() and keep offline parity references for truth-render validation.",Documentation/backlog/bl-055-fir-convolution-engine.md
BL-056,BL-056 Calibration State Migration + Latency Contract,open,Open,P1,E - R&D Expansion,"BL-054, BL-055",BL-059,,,,,,,"BL-056 in plain terms: Bump plugin state_version, serialize new headphone calibration parameters in getStateInformation/setStateInformation. Current state: Open. For technical detail, see ## Objective and ## Validation Plan.","Bump plugin state_version, serialize new headphone calibration parameters in getStateInformation/setStateInformation. Regenerate golden state snapshots. Ensure reported latency resets to 0 on bypass.",Documentation/backlog/bl-056-calibration-state-migration-latency.md
BL-057,BL-057 Device Preset Library (AirPods Pro 1/2/3 + WH-1000XM5),done,**Done** (T1/T2/T3 replay PASS; full preset matrix complete; Nyquist resonance gate PASS),P1,E - R&D Expansion,BL-046,— (resolved; BL-058 unblocked),,,,,,,"BL-057 in plain terms: Create validated YAML EQ presets for AirPods Pro 1, Pro 2, Pro 3 (ANC on/off/transparency) and WH-1000XM5 (ANC on/off). Current state: Done. For technical detail, see ## Objective and ## Validation Plan.","Create validated YAML EQ presets for AirPods Pro 1, Pro 2, Pro 3 (ANC on/off/transparency) and WH-1000XM5 (ANC on/off). Source from AutoEq/oratory1990. Add frequency sweep validation check per preset.",Documentation/backlog/done/bl-057-device-preset-library.md
BL-058,BL-058 Companion Profile Acquisition UI + HRTF Matching,open,In Implementation (Wave 1 kickoff: QA harness authored with contract/execute semantics),P0,E - R&D Expansion,BL-057,BL-059,,,,,,,"BL-058 in plain terms: Build guided ear-photo capture UI in companion app (left ear + right ear + frontal), then ship a deterministic nearest-neighbor subject selection baseline for SADIE II mapping. Current state: In Implementation (Wave 1 kickoff: QA harness authored with contract/execute semantics). For technical detail, see ## Objective and ## Validation Plan.","Build guided ear-photo capture UI in companion app (left ear + right ear + frontal), then ship a deterministic nearest-neighbor subject selection baseline for SADIE II mapping. Write selected subject_id and sofa_ref to CalibrationProfile.json, discard images after embedding, and enforce readiness/sync gating so pose streaming only starts from a known-good state.",Documentation/backlog/bl-058-companion-profile-acquisition.md
BL-059,BL-059 CalibrationProfile Integration Handoff,open,In Implementation (Wave 1 kickoff: smoke harness upgraded with contract/execute semantics),P0,E - R&D Expansion,"BL-052, BL-053, BL-054, BL-055, BL-056, BL-057, BL-058",BL-060,,,,,,,"BL-059 in plain terms: Wire CalibrationProfile.json from companion to plugin state end-to-end. Current state: In Implementation (Wave 1 kickoff: smoke harness upgraded with contract/execute semantics). For technical detail, see ## Objective and ## Validation Plan.","Wire CalibrationProfile.json from companion to plugin state end-to-end. Primitive fields → APVTS parameters. Blob fields (sofa_ref, hp_fir_taps) → base64 in state. Plugin reloads profile on file change without glitches.",Documentation/backlog/bl-059-calibration-profile-integration-handoff.md
BL-060,BL-060 Phase B Listening Test Harness + Evaluation,open,Open,P1,E - R&D Expansion,BL-059,BL-061 (conditional),,,,,,,"BL-060 in plain terms: Execute Phase B 2×2 blind listening test (generic vs personalized HRTF × no EQ vs WH-1000XM5 EQ) across >=5 participants x >=10 scenes. Current state: Open. For technical detail, see ## Objective and ## Validation Plan.",Execute Phase B 2×2 blind listening test (generic vs personalized HRTF × no EQ vs WH-1000XM5 EQ) across >=5 participants x >=10 scenes. Run reproducible statistical analysis and persist machine-readable results. Gate: >=20% mean externalization improvement OR p<0.05 localization gain.,Documentation/backlog/bl-060-phase-b-listening-test-harness.md
BL-061,"BL-061 HRTF Interpolation + Crossfade (Phase C, conditional)",open,Open (conditional on BL-060 gate pass),P2,E - R&D Expansion,BL-060 gate pass,—,,,,,,,"BL-061 in plain terms: Replace nearest-neighbor HRIR selection with libmysofa continuous azimuth/elevation interpolation. Current state: Open (conditional on BL-060 gate pass). For technical detail, see ## Objective and ## Validation Plan.",Replace nearest-neighbor HRIR selection with libmysofa continuous azimuth/elevation interpolation. Add crossfaded filter updates (dual-convolver or equivalent) to eliminate zipper artifacts when source direction changes during head movement.,Documentation/backlog/bl-061-hrtf-interpolation-crossfade.md
BL-062,BL-062 Ambisonics IR Interface Contract,done,Done,P2,E - R&D Expansion,BL-051,BL-063,,,,,,,"BL-062 in plain terms: Define the canonical ambisonics intermediate-representation (IR) interface contract, including frame semantics, channel-order policy, ownership boundaries, and deterministic validation artifacts used by downstream lanes. Current state: Done. For technical detail, see ## Objective and ## Validation Plan.","Define the canonical ambisonics intermediate-representation (IR) interface contract, including frame semantics, channel-order policy, ownership boundaries, and deterministic validation artifacts used by downstream lanes.",Documentation/backlog/done/bl-062-ambisonics-ir-interface-contract.md
BL-063,BL-063 Ambisonics Renderer Compatibility Guardrails,done,Done,P2,E - R&D Expansion,BL-062,BL-066,,,,,,,"BL-063 in plain terms: Define deterministic guardrails and parity checks that ensure ambisonics IR integration preserves renderer compatibility across supported output layouts before pilot intake. Current state: Done. For technical detail, see ## Objective and ## Validation Plan.",Define deterministic guardrails and parity checks that ensure ambisonics IR integration preserves renderer compatibility across supported output layouts before pilot intake.,Documentation/backlog/done/bl-063-ambisonics-renderer-compatibility-guardrails.md
BL-064,BL-064 ADM Mapping Contract,done,Done,P2,E - R&D Expansion,BL-051,BL-066,,,,,,,"BL-064 in plain terms: Define deterministic mapping contract from ambisonics IR into ADM-targeted metadata/audio representation with explicit transform invariants, parity schema, and fallback behavior. Current state: Done. For technical detail, see ## Objective and ## Validation Plan.","Define deterministic mapping contract from ambisonics IR into ADM-targeted metadata/audio representation with explicit transform invariants, parity schema, and fallback behavior.",Documentation/backlog/done/bl-064-adm-mapping-contract.md
BL-065,BL-065 IAMF Mapping Contract,done,Done,P2,E - R&D Expansion,BL-051,BL-066,,,,,,,"BL-065 in plain terms: Define deterministic mapping contract from ambisonics IR into IAMF scene/profile outputs, including transform rules, profile constraints, parity evidence schema, and blocker routing. Current state: Done. For technical detail, see ## Objective and ## Validation Plan.","Define deterministic mapping contract from ambisonics IR into IAMF scene/profile outputs, including transform rules, profile constraints, parity evidence schema, and blocker routing.",Documentation/backlog/done/bl-065-iamf-mapping-contract.md
BL-066,BL-066 Ambisonics + ADM Pilot Execution Intake,done,Done,P1,E - R&D Expansion,"BL-063, BL-064, BL-065",—,,,,,,,"BL-066 in plain terms: Prepare owner-gated pilot execution intake package for BL-051 roadmap implementation once compatibility and mapping contracts are accepted, with explicit rollback and blocker governance. Current state: Done. For technical detail, see ## Objective and ## Validation Plan.","Prepare owner-gated pilot execution intake package for BL-051 roadmap implementation once compatibility and mapping contracts are accepted, with explicit rollback and blocker governance.",Documentation/backlog/done/bl-066-ambisonics-adm-pilot-execution-intake.md
BL-067,BL-067 AUv3 App-Extension Lifecycle and Host Validation,open,Open (execute evidence must report zero `TODO` rows; BL-073 execute-mode gate required for promotion),P1,A - Runtime Formats,BL-048,—,,,,,,,"BL-067 in plain terms: Add production-ready AUv3 format support for LocusQ with deterministic extension lifecycle behavior, sandbox-safe runtime boundaries, and explicit parity validation against existing AU/VST3/CLAP formats. Current state: Open (execute evidence must report zero TODO rows; BL-073 truthfulness gate still applies for promotion). For technical detail, see ## Objective and ## Validation Plan.","Add production-ready AUv3 format support for LocusQ with deterministic extension lifecycle behavior, sandbox-safe runtime boundaries, and explicit parity validation against existing AU/VST3/CLAP formats.",Documentation/backlog/bl-067-auv3-app-extension-lifecycle-and-host-validation.md
BL-068,BL-068 Temporal Effects Core (Delay/Echo/Looper/Frippertronics),open,In Implementation (temporal contract slice active; execute lane emits zero-`TODO` evidence for implemented rows; BL-073 gate required for promotion),P1,E - R&D Expansion,"BL-050, BL-055",—,,,,,,,"BL-068 in plain terms: Define and integrate a deterministic temporal-effects core spanning delay/echo, controlled feedback behavior, and looper/frippertronics-style layering that remains realtime-safe and host-automation reliable. Current state: In Implementation (temporal contract module + execute-lane evidence active; BL-073 gate still required for promotion). For technical detail, see ## Objective and ## Validation Plan.","Define and integrate a deterministic temporal-effects core spanning delay/echo, controlled feedback behavior, and looper/frippertronics-style layering that remains realtime-safe and host-automation reliable.",Documentation/backlog/bl-068-temporal-effects-delay-echo-looper-frippertronics.md
BL-069,BL-069 RT-Safe Headphone Preset Pipeline and Failure Backoff,done,Done (owner T2 `5/5` + T3 `10/10` execute replay PASS; closeout sync complete),P0,F - Hardening,BL-050,—,,,,,,,"BL-069 in plain terms: Remove RT-unsafe file/config loading from the headphone preset path by moving preset hydration and parse work out of processBlock(), introducing atomic runtime handoff for prepared coefficients, and enforcing retry backoff semantics when preset assets are missing or invalid. Current state: Done (owner T2 5/5 + T3 10/10 execute replay PASS; closeout sync complete). For technical detail, see ## Objective and ## Validation Plan.","Remove RT-unsafe file/config loading from the headphone preset path by moving preset hydration and parse work out of processBlock(), introducing atomic runtime handoff for prepared coefficients, and enforcing retry backoff semantics when preset assets are missing or invalid.",Documentation/backlog/done/bl-069-rt-safe-headphone-preset-pipeline-and-failure-backoff.md
BL-070,BL-070 Coherent Audio Snapshot and Telemetry Seqlock Contract,done,Done (owner T2 `5/5` + T3 `10/10` execute replay PASS; closeout sync complete),P0,F - Hardening,BL-050,—,,,,,,,"BL-070 in plain terms: Eliminate torn snapshot and telemetry race risks by introducing coherent audio snapshot reads (ptr + sample_count from one publication point) and sequence-safe telemetry publication/consumption between audio and bridge/UI threads. Current state: Done (owner T2 5/5 + T3 10/10 execute replay PASS; closeout sync complete). For technical detail, see ## Objective and ## Validation Plan.",Eliminate torn snapshot and telemetry race risks by introducing coherent audio snapshot reads (ptr + sample_count from one publication point) and sequence-safe telemetry publication/consumption between audio and bridge/UI threads.,Documentation/backlog/done/bl-070-coherent-audio-snapshot-and-telemetry-seqlock-contract.md
BL-071,BL-071 Calibration Generation Guard and Error-State Enforcement,done,Done (execute + T2 + T3 packets pass; owner promotion decision recorded; done archive sync complete),P0,E - R&D Expansion,"BL-056, BL-059",BL-060,,,,,,,"BL-071 in plain terms: Harden calibration lifecycle correctness by enforcing generation isolation across abort/restart transitions, guaranteeing explicit error-state behavior for invalid analysis, and publishing thread-safe immutable progress/result snapshots. Current state: Done (execute + T2 + T3 packets pass; owner promotion decision recorded; done archive sync complete). For technical detail, see ## Objective and ## Validation Plan.","Harden calibration lifecycle correctness by enforcing generation isolation across abort/restart transitions, guaranteeing explicit error-state behavior for invalid analysis, and publishing thread-safe immutable progress/result snapshots.",Documentation/backlog/done/bl-071-calibration-generation-guard-and-error-state-enforcement.md
BL-072,BL-072 Companion Runtime Protocol Parity and BL-058 QA Harness,done,Done (execute + T2 + T3 packets pass; owner promotion decision recorded; done archive sync complete),P0,E - R&D Expansion,"BL-058, BL-059",BL-060,,,,,,,"BL-072 in plain terms: Align companion runtime packet contract behavior with validated model semantics and establish a real BL-058 QA lane that verifies readiness/sync gating, stale-packet behavior, sequence continuity, and axis-sweep correctness. Current state: Done (execute + T2 + T3 packets pass; owner promotion decision recorded; done archive sync complete). For technical detail, see ## Objective and ## Validation Plan.","Align companion runtime packet contract behavior with validated model semantics and establish a real BL-058 QA lane that verifies readiness/sync gating, stale-packet behavior, sequence continuity, and axis-sweep correctness.",Documentation/backlog/done/bl-072-companion-runtime-protocol-parity-and-bl058-qa-harness.md
BL-073,BL-073 QA Scaffold Truthfulness Gates for BL-067 and BL-068,done,Done (clean verification merged via PR #6; closeout/archive sync complete),P1,G - Release/Governance,—,—,,,,,,,"BL-073 in plain terms: Prevent false-green promotions by separating contract-only and execute-mode QA semantics for BL-067/BL-068 and enforcing execute-mode failure when runtime matrix rows remain scaffold/TODO. Current state: Done (clean verification packet merged via PR #6 on 2026-03-03; closeout/archive sync completed). For technical detail, see ## Objective and ## Validation Plan.",Prevent false-green promotions by separating contract-only and execute-mode QA semantics for BL-067/BL-068 and enforcing execute-mode failure when runtime matrix rows remain scaffold/TODO.,Documentation/backlog/done/bl-073-qa-scaffold-truthfulness-gates-bl067-bl068.md
BL-074,BL-074 WebView Runtime Reliability Diagnostics (Strict Gesture and Degraded Mode),open,In Implementation (strict_gesture gate + degraded startup control lock + native/bridge diagnostics schema lane authored),P1,B - Scene/UI Runtime,"BL-040, BL-067",—,,,,,,,"BL-074 in plain terms: Improve WebView runtime trust by making gesture-path failures explicit in self-test CI (strict_gesture mode), surfacing native-call binding failures in an operator-visible diagnostics channel, and introducing a deterministic degraded mode when critical startup bindings fail. Current state: In Implementation (strict_gesture gate + degraded startup control lock + native/bridge diagnostics schema lane authored). For technical detail, see ## Objective and ## Validation Plan.","Improve WebView runtime trust by making gesture-path failures explicit in self-test CI (strict_gesture mode), surfacing native-call binding failures in an operator-visible diagnostics channel, and introducing a deterministic degraded mode when critical startup bindings fail.",Documentation/backlog/bl-074-webview-runtime-reliability-diagnostics-strict-gesture-and-degraded-mode.md
BL-075,BL-075 Code Comment and API Documentation Accessibility Review,done,Done (execute + T2 + T3 packets pass; owner promotion decision recorded; done archive sync complete),P2,G - Release/Governance,—,—,,,,,,,"BL-075 in plain terms: Run a structured review of in-code comments and LocusQ API documentation so non-obvious runtime logic, threading/RT decisions, and integration contracts are discoverable and understandable for contributors (human and AI). Current state: Done (execute + T2 + T3 packets pass; owner promotion decision recorded; done archive sync complete). For technical detail, see ## Objective and ## Validation Plan.","Run a structured review of in-code comments and LocusQ API documentation so non-obvious runtime logic, threading/RT decisions, and integration contracts are discoverable and understandable for contributors (human and AI).",Documentation/backlog/done/bl-075-code-comment-and-api-documentation-accessibility-review.md
BL-076,BL-076 SpatialRenderer Decomposition and Boundary Guardrails,open,In Implementation (Wave 6 stereo-output writer helper extraction landed; contract+execute replay PASS on 2026-03-04),P1,F - Hardening,"BL-050, BL-069, BL-070",—,,,,,,,"BL-076 in plain terms: Decompose Source/SpatialRenderer.h into cohesive renderer modules with explicit ownership boundaries so the runtime can evolve without a single giant multipurpose header becoming a merge-risk and defect hotspot. Current state: In Implementation (Wave 6 stereo-output writer helper extraction landed; contract+execute replay PASS on 2026-03-04). For technical detail, see ## Objective and ## Validation Plan.",Decompose Source/SpatialRenderer.h into cohesive renderer modules with explicit ownership boundaries so the runtime can evolve without a single giant multipurpose header becoming a merge-risk and defect hotspot.,Documentation/backlog/bl-076-spatial-renderer-decomposition-and-boundary-guardrails.md
BL-077,BL-077 Unified Visual Capture and Replay Harness,done,**Done** (contract + execute + live execute + T2 + T3 PASS; closeout/archive sync complete),P0,D - QA Platform,"BL-049 (Done), BL-073","BL-058, BL-059, BL-060, BL-067, BL-068, BL-074 (validation evidence velocity and reliability)",,,,,,,"BL-077 in plain terms: Provide a robust, easy-to-use capture system that records plugin + companion behavior, guides operators through checkpoint cues, and emits ready-to-review artifacts (video, dense frames, labeled checkpoints, contact sheets, and short cue clips) suitable for automated QA lanes and owner promotion decisions. Current state: Done (contract/execute/live/T2/T3 cadence evidence complete; closeout sync and archive transition recorded). For technical detail, see ## Objective and ## Validation Plan.","Provide a robust, easy-to-use capture system that records plugin + companion behavior, guides operators through checkpoint cues, and emits ready-to-review artifacts (video, dense frames, labeled checkpoints, contact sheets, and short cue clips) suitable for automated QA lanes and owner promotion decisions.",Documentation/backlog/done/bl-077-unified-visual-capture-and-replay-harness.md
HX-01,HX-01: shared_ptr Atomic Migration Guard,done,Done,P1,,,,,,,,,,"HX-01 in plain terms: Enforced atomic shared_ptr contract across all shared state paths, migrating from potentially unsafe raw shared_ptr usage. Current state: Done. For technical detail, see ## Objective and ## Validation Plan.","Enforced atomic shared_ptr contract across all shared state paths, migrating from potentially unsafe raw shared_ptr usage.",Documentation/backlog/done/hx-01-shared-ptr-atomic.md
HX-02,HX-02: Registration Lock and Memory-Order Audit,done,Done (2026-02-25 owner replay confirms Slice D gate stability),P1,,BL-016 (Done),—,,,,,,,"HX-02 in plain terms: Audit and fix all registration lock and memory-order contract expectations in SceneGraph, SharedPtrAtomicContract, and any shared state paths. Current state: Done (2026-02-25 owner replay confirms Slice D gate stability). For technical detail, see ## Objective and ## Validation Plan.","Audit and fix all registration lock and memory-order contract expectations in SceneGraph, SharedPtrAtomicContract, and any shared state paths. Ensure all atomic operations use correct memory ordering (acquire/release/seq_cst as appropriate) and that registration (emitter slot claiming) is free of race conditions.",Documentation/backlog/done/hx-02-registration-lock.md
HX-03,HX-03: REAPER Multi-Instance Stability Lane,done,Done,P1,,,,,,,,,,"HX-03 in plain terms: Validated multi-instance stability in REAPER — multiple LocusQ instances in the same project with shared SceneGraph singleton. Current state: Done. For technical detail, see ## Objective and ## Validation Plan.",Validated multi-instance stability in REAPER — multiple LocusQ instances in the same project with shared SceneGraph singleton.,Documentation/backlog/done/hx-03-reaper-multi-instance.md
HX-04,HX-04: Scenario Coverage Audit and Drift Guard,done,Done,P1,,,,,,,,,,"HX-04 in plain terms: Completed deterministic scenario coverage audit across AirAbsorption, CalibrationEngine, and directivity paths with embedded BL-012 enforcement. Current state: Done. For technical detail, see ## Objective and ## Validation Plan.","Completed deterministic scenario coverage audit across AirAbsorption, CalibrationEngine, and directivity paths with embedded BL-012 enforcement.",Documentation/backlog/done/hx-04-scenario-coverage.md
HX-05,HX-05: Payload Budget and Throughput Contract,done,Done (owner sync packet finalized from Slice D promotion evidence),P2,,"BL-016 (Done), BL-025 (Done)",BL-027 throughput hardening slices,,,,,,,"HX-05 in plain terms: Define authoritative scene-state payload and bridge cadence limits so UI transport remains deterministic and bounded under load. Current state: Done (owner sync packet finalized from Slice D promotion evidence). For technical detail, see ## Objective and ## Validation Plan.",Define authoritative scene-state payload and bridge cadence limits so UI transport remains deterministic and bounded under load.,Documentation/backlog/done/hx-05-payload-budget.md
HX-06,HX-06 RT Safety Audit Reconciliation Ledger,open,,,,,,,,,,,,This support ledger tracks **HX-06** reconciliation updates for RT-safety audit allowlists. Current status: **Open**. In plain terms: it records recurring audit cleanups and evidence links so operators and agents can quickly confirm ongoing RT-safety hygiene.,,Documentation/backlog/hx-06-rt-safety-audit.md
HX-06,HX-06: Recurring RT-Safety Static Audit,done,Done,P1,,BL-016 (Done),BL-030,,,,,,,"HX-06 in plain terms: Establish a recurring RT-safety static-audit lane that scans processBlock() call paths for heap allocation, lock acquisition, blocking I/O, and other RT-unsafe operations. Current state: Done. For technical detail, see ## Objective and ## Validation Plan.","Establish a recurring RT-safety static-audit lane that scans processBlock() call paths for heap allocation, lock acquisition, blocking I/O, and other RT-unsafe operations. This lane must run in CI and produce structured reports, blocking merges that introduce RT violations.",Documentation/backlog/done/hx-06-rt-safety-audit.md
